Title,Link,Description
No Title,https://electrek.co/guides/tesla/,"Whether you’re a seasoned EV driver in cold climates or this is your first winter driving an electric vehicle, there’s always more to learn about how to get the best range and performance from your EV when the temperatures drop."
No Title,https://electrek.co/guides/tesla/,"Kelley Blue Book released its new vehicle average transaction price report today, and it shows the average price paid for an EV in September was $50,683, down from more than $65,000 a year ago."
No Title,https://electrek.co/guides/chevy-bolt/,"Prices for used EVs in the US have stabilized after climbing 12 of the last 16 months, according to electric vehicle range analyst company Recurrent’s “Used Electric Car Prices & Market Report – Q4 2022,” which was released today."
Wrangle 120 cords with this reusable cable tie kit that's now just $5.50 (Less than $0.05…,https://9to5toys.com/2025/03/24/120-piece-oneleaf-6-5-inch-reusable-cable-ties/,No Description
"Embrace conversation with Babbel’s smarter approach to language learning, lifetime access…",https://9to5toys.com/2025/03/24/embrace-conversation-with-babbels-smarter-approach-to-language-learning-lifetime-access-for-125/,No Description
Anker's new SOLIX EverFrost 2 40L and 58L electric coolers join in on the spring savings…,https://9to5toys.com/2025/03/24/anker-solix-everfrost-2-40l-and-58l-from-700/,No Description
Upgrade your at-work meal routine with Crock-Pot's GO Electric Lunch Box at $40 (Save 20%),https://9to5toys.com/2025/03/24/crockpot-go-electric-lunch-box-2/,No Description
Windows 11 Pro is now $15 for lifetime access (Reg. up to $199),https://9to5toys.com/2025/03/24/windows-11-pro-is-now-15-for-lifetime-access-reg-up-to-199/,No Description
No Title,https://electrek.co/guides/ev/,"Yesterday we got another glimpse into Ferrari’s future clean energy plans with its second-quarter earnings release. Although anticipation is building for Ferrari’s EV rollout, the company is keeping the details under wraps."
No Title,https://electrek.co/guides/electric-vehicles/,Swedish commercial vehicle maker Scania has debuted its regional long-haul electric truck that will be available in Europe as both a rigid truck and a tractor-trailer.
No Title,https://electrek.co/guides/electric-vehicles/,"National Grid, a utility that serves more than 20 million people in New York, Massachusetts, and Rhode Island, is expanding its Off-Peak Charging Rebate Program in Massachusetts that it runs with ev.energy, a certified B corporation and global provider of managed EV charging software."
"Deals: ‘Works with Alexa+’ smart displays and speakers from $30, Sony XM5 headphones…",https://9to5google.com/2025/03/24/deals-alexa-smart-displays-and-speakers-sony-xm5/,No Description
Samsung is removing its most advanced lock screen customization in One UI 7,https://9to5google.com/2025/03/24/samsung-is-removing-its-most-advanced-lock-screen-customization-in-one-ui-7/,No Description
Gemini apps preps letting you generate 8-second videos with Veo 2,https://9to5google.com/2025/03/24/gemini-app-veo-video-generation/,No Description
"Motorola Razr (2025) leaks with smaller display, big battery, and a vibrant green color…",https://9to5google.com/2025/03/24/motorola-razr-2025-display-battery-colors-leak/,No Description
Google teases new Pixel 'Imagination Studio' coming on March 29,https://9to5google.com/2025/03/24/google-teases-new-pixel-imagination-studio-coming-on-march-29/,No Description
No Title,https://electrek.co/guides/electric-vehicles/,"Taking your electric car on a holiday road trip? Reduce your costs and carbon footprint, and make your trip safer with these 10 quick tips."
No Title,https://electrek.co/guides/ford/,"As of right now, Ford Motor Company has 200,000 reservations lined up for the Lightning, and those drivers will have the additional benefit of being able to use their Lightning to charge any other EV on the road."
No Title,https://electrek.co/guides/president-biden/,"US President Joe Biden has spent weeks battling opposition to his sweeping Build Back Better spending bill from Just Say No Republicans, and even some self-promoting sellouts in his own party. Now he’s also getting blowback to proposed rebates on US- and union-built EVs from foreign ambassadors and several domestic automakers."
How many rockets has SpaceX launched in 2025?,https://spaceexplored.com/spacex-launches-2025/,No Description
SpaceX hits single digit booster turnaround times,https://spaceexplored.com/2025/03/24/spacex-hits-single-digit-booster-turnaround-times/,No Description
When will ULA launch this year?,https://spaceexplored.com/2025/03/21/when-will-ula-launch-this-year/,No Description
What is Virgin Galactic up to?,https://spaceexplored.com/2025/03/21/what-is-virgin-galactic-up-to/,No Description
NASA makes a quick crew rotation on the ISS,https://spaceexplored.com/2025/03/19/spacex-crew-9-returns-home/,No Description
No Title,https://electrek.co/guides/ev/,"The Detroit Free Press just may have been looking to stir the pot a bit over the weekend with its article on a study’s contrarian finding that driving an electric vehicle (EV) costs more than a standard gas-burning car. What the paper apparently got was a Wagnerian choir of “WTF?” because, on Tuesday, it ran what reads like a back-away-slowly follow-up to the original piece it demurely says “generated debate and inspired reader questions.”"
No Title,https://electrek.co/guides/ev/,"Groupe ADP, the French company that operates Paris area airports, is running a trial of autonomous electric vehicles (EV) transporting luggage in the Charles de Gaulle platform – the biggest in Europe now that Brexit has turned Heathrow into a mid-Atlantic outpost."
No Title,https://electrek.co/guides/electric-car/,"Electrek was invited to try out the cheapest EV in the world, which is manufactured by Changli. It was hilarious, cute, “cheap” in every way, and a wild exercise for the imagination. Even though it doesn’t retain its famed price tag, the US importers have put great effort into adding back value where the shipping costs took it away."
The MERACH NovaRow R50: The Ultimate Budget Home Rower,https://connectthewatts.com/2025/03/15/the-merach-novarow-r50-the-ultimate-budget-home-rower/,No Description
Bucked Up Introduces Lightly Carbonated Protein Drinks for a Refreshing Take on Recovery,https://connectthewatts.com/2025/03/04/bucked-up-introduces-lightly-carbonated-protein-drinks-for-a-refreshing-take-on-recovery/,No Description
Planet Fitness: Heart Health Month Special Membership Offer,https://connectthewatts.com/2025/02/17/planet-fitness-heart-health-month-special-membership-offer/,No Description
Myfitnesspal acquires intent to enhance meal planning for members,https://connectthewatts.com/2025/02/14/myfitnesspal-acquires-intent-to-enhance-meal-planning-for-members/,No Description
Ride of a Life Time 2025: Life Time’s Charity Workout Event for Kids’ Health,https://connectthewatts.com/2025/02/14/ride-of-a-life-time-2025-life-times-charity-workout-event-for-kids-health/,No Description
No Title,https://electrek.co/guides/electric-vehicles/,Highways England is considering imposing the UK’s first pollution-linked speed limits to help reduce smog in Sheffield. But why should electric vehicle drivers have to slow down too?
No Title,https://electrek.co/guides/solar/,In today’s Electrek Green Energy Brief (EGEB):
No Title,https://electrek.co/guides/ev/,Canada is the latest country to announce an upcoming ban on new gas-powered car sales. Canada has set the target of 2035 in a move to accelerate electric vehicle adoption.
Why DJI Flip is the best drone for beginners right now,https://dronedj.com/2025/03/21/dji-flip-best-beginner-drone/,No Description
"DJI Mini 4 Pro drone gains MSDK support for automated, custom flights",https://dronedj.com/2025/03/21/dji-mini-4-pro-msdk/,No Description
Insta360 Flow 2 Pro vs. Flow Pro vs. Flow: Smartphone gimbals compared,https://dronedj.com/2025/03/20/insta360-flow-pro-2-compare/,No Description
Be prepared to spend big on DJI's Mavic 4 Pro,https://dronedj.com/2025/03/20/be-prepared-to-spend-big-on-djis-mavic-4-pro/,No Description
"DJI’s toughest, smartest action cam drops to $369",https://dronedj.com/2025/03/20/dji-action-5-camera-price/,No Description
No Title,https://electrek.co/guides/solar/,In today’s Electrek Green Energy Brief (EGEB):
No Title,https://electrek.co/guides/green-deals/,"Is cost a major factor in your decision to finally jump into EV ownership? If so, our monthly nationwide search for electric vehicle lease deals and discounts turned up a number of great dealer offers that are worth considering."
No Title,https://electrek.co/guides/solar/,In today’s Electrek Green Energy Brief (EGEB):
"Deals: AirPods 4 $100, AirPods Pro 2 $170, M4 iPad Pro up to $300 off, Eve HomeKit spring…",https://9to5mac.com/2025/03/24/deals-airpods-4-airpods-pro-2-ipad-pro-eve-spring-sale/,No Description
"Apple just launched an original, true-crime podcast starring Steve Buscemi",https://9to5mac.com/2025/03/24/apple-just-launched-an-original-true-crime-podcast-starring-steve-buscemi/,No Description
Apple just reintroduced a missing AirPods Max feature,https://9to5mac.com/2025/03/24/apple-reintroduced-airpods-max-feature/,No Description
"Vision Pro 2 ‘in flux’ at Apple, but maybe that’s not such a bad thing",https://9to5mac.com/2025/03/24/vision-pro-2-is-in-flux-at-apple-but-maybe-thats-not-such-a-bad-thing/,No Description
Tim Cook says China's DeepSeek AI is 'excellent' during visit to country,https://9to5mac.com/2025/03/24/tim-cook-says-chinas-deepseek-ai-is-excellent-during-visit-to-country/,No Description
No Title,https://electrek.co/guides/solar/,In today’s Electrek Green Energy Brief (EGEB):
No Title,https://electrek.co/guides/alibaba/,"So here’s the thing: I’d love to have a brand-new GM electric Hummer when it comes out. It’d scratch my itch for adrenalized American excess without making me think too critically about my own contribution to the inevitable destruction of our world and everything we hold dear. The only problem is that I don’t have $80,000+ burning a hole in my pocket to plunk down on that beast of an EV."
No Title,https://electrek.co/guides/electric-vehicles/,"When it comes to every part of the automotive industry, it seems that the switch to electric vehicles is set to leave no corner untouched. Until Tesla permanently disrupted the status quo, the world has been building cars for more or less the same way for a century."
Wrangle 120 cords with this reusable cable tie kit that's now just $5.50 (Less than $0.05…,https://9to5toys.com/2025/03/24/120-piece-oneleaf-6-5-inch-reusable-cable-ties/,No Description
"Embrace conversation with Babbel’s smarter approach to language learning, lifetime access…",https://9to5toys.com/2025/03/24/embrace-conversation-with-babbels-smarter-approach-to-language-learning-lifetime-access-for-125/,No Description
Anker's new SOLIX EverFrost 2 40L and 58L electric coolers join in on the spring savings…,https://9to5toys.com/2025/03/24/anker-solix-everfrost-2-40l-and-58l-from-700/,No Description
Upgrade your at-work meal routine with Crock-Pot's GO Electric Lunch Box at $40 (Save 20%),https://9to5toys.com/2025/03/24/crockpot-go-electric-lunch-box-2/,No Description
Windows 11 Pro is now $15 for lifetime access (Reg. up to $199),https://9to5toys.com/2025/03/24/windows-11-pro-is-now-15-for-lifetime-access-reg-up-to-199/,No Description
No Title,https://electrek.co/guides/ev/,"Arizona utility Salt River Project (SRP) really wants its customers to drive electric cars, so it’s now offering any customer who buys an EV a $1,000 rebate in a pilot program."
No Title,https://electrek.co/guides/tesla-model-3/,Electrek‘s Michelle Lewis spoke with three electric car owners in Texas. They each explained how their EVs helped them get through February’s deep freeze and rolling blackouts.
No Title,https://electrek.co/guides/solar/,"Electrek‘s Michelle Lewis asked Anthony Allard, EVP, head of North America, Hitachi ABB Power Grids, how the US can make its power grids more resilient and better support clean energy, and what Hitachi ABB is doing to support large-scale electric vehicle deployment."
"Deals: ‘Works with Alexa+’ smart displays and speakers from $30, Sony XM5 headphones…",https://9to5google.com/2025/03/24/deals-alexa-smart-displays-and-speakers-sony-xm5/,No Description
Samsung is removing its most advanced lock screen customization in One UI 7,https://9to5google.com/2025/03/24/samsung-is-removing-its-most-advanced-lock-screen-customization-in-one-ui-7/,No Description
Gemini apps preps letting you generate 8-second videos with Veo 2,https://9to5google.com/2025/03/24/gemini-app-veo-video-generation/,No Description
"Motorola Razr (2025) leaks with smaller display, big battery, and a vibrant green color…",https://9to5google.com/2025/03/24/motorola-razr-2025-display-battery-colors-leak/,No Description
Google teases new Pixel 'Imagination Studio' coming on March 29,https://9to5google.com/2025/03/24/google-teases-new-pixel-imagination-studio-coming-on-march-29/,No Description
